date,SAV,STDSL,MA
1975-01-01,150.4391678447335,289.6,440.0391678447335
1975-02-01,152.06628258402577,293.0,445.06628258402577
1975-03-01,156.24714011752926,297.8,454.04714011752924
1975-04-01,160.39490379192853,303.0,463.3949037919285
1975-05-01,162.4081135541037,307.3,469.7081135541037
1975-06-01,166.83717503088909,312.3,479.1371750308891
1975-07-01,169.4957150455971,318.2,487.6957150455971
1975-08-01,169.66118434111837,322.3,491.9611843411184
1975-09-01,170.05831065036932,325.7,495.7583106503693
1975-10-01,171.75712875105413,329.4,501.1571287510541
1975-11-01,172.3362712853785,333.1,505.43627128537855
1975-12-01,174.97826437053442,337.9,512.8782643705345
1976-01-01,179.47902920871232,341.5,520.9790292087123
1976-02-01,186.34600497284407,344.7,531.046004972844
1976-03-01,192.73863542314822,346.6,539.3386354231483
1976-04-01,198.37010711405463,350.3,548.6701071140546
1976-05-01,201.03416277194674,355.8,556.8341627719467
1976-06-01,201.84496232000083,359.4,561.2449623200008
1976-07-01,203.4444988433729,363.7,567.144498843373
1976-08-01,205.11573872813747,369.3,574.4157387281375
1976-09-01,207.36060550404238,375.8,583.1606055040425
1976-10-01,211.60765075575438,381.4,593.0076507557544
1976-11-01,214.80120815931446,385.7,600.5012081593145
1976-12-01,219.19166013381152,390.7,609.8916601338115
1977-01-01,224.3984272995468,396.1,620.4984272995468
1977-02-01,227.8236417168366,401.0,628.8236417168366
1977-03-01,231.85006124118692,406.6,638.450061241187
1977-04-01,235.573120390415,412.0,647.5731203904149
1977-05-01,236.11365342245108,417.6,653.7136534224511
1977-06-01,236.7589836749839,423.0,659.7589836749839
1977-07-01,238.02758160731346,427.5,665.5275816073134
1977-08-01,238.78322472352713,431.4,670.1832247235271
1977-09-01,238.79977165307932,435.3,674.0997716530793
1977-10-01,239.79810306939083,438.7,678.4981030693908
1977-11-01,238.5515677097974,441.4,679.9515677097974
1977-12-01,238.1654726869145,445.4,683.5654726869145
1978-01-01,240.32760481505878,448.8,689.1276048150588
1978-02-01,241.19907643813738,451.8,692.9990764381374
1978-03-01,243.37775549583378,455.5,698.8777554958338
1978-04-01,245.8597949286525,459.5,705.3597949286525
1978-05-01,245.7549977081557,463.3,709.0549977081557
1978-06-01,246.32862459929603,470.3,716.628624599296
1978-07-01,245.84324799910033,479.1,724.9432479991003
1978-08-01,245.11518309880685,485.9,731.0151830988068
1978-09-01,245.00487023512602,493.7,738.704870235126
1978-10-01,245.09312052607072,501.2,746.2931205260707
1978-11-01,240.3165735286907,510.0,750.3165735286907
1978-12-01,236.4280450839414,521.0,757.4280450839415
1979-01-01,233.7088329942089,533.3,767.0088329942089
1979-02-01,230.55388509293715,542.9,773.4538850929371
1979-03-01,230.27810293373508,552.3,782.5781029337351
1979-04-01,230.64213538388182,563.3,793.9421353838818
1979-05-01,228.9267703536449,571.2,800.1267703536449
1979-06-01,229.17497429692676,577.6,806.7749742969268
1979-07-01,230.22294650189465,582.9,813.1229465018946
1979-08-01,229.72653861533092,589.8,819.5265386153309
1979-09-01,227.76848528499616,598.8,826.5684852849961
1979-10-01,224.31017700860212,611.1,835.4101770086022
1979-11-01,215.8546960074664,625.7,841.5546960074664
1979-12-01,212.35226258560002,634.3,846.6522625855999
1980-01-01,211.80069826719586,641.5,853.3006982671959
1980-02-01,207.55365301548386,650.6,858.1536530154839
1980-03-01,203.26248261829952,665.6,868.8624826182995
1980-04-01,197.29455669316656,686.2,883.4945566931666
1980-05-01,195.55712909019348,696.1,891.6571290901935
1980-06-01,200.5929113172234,694.8,895.3929113172234
1980-07-01,207.93974803836676,691.1,899.0397480383667
1980-08-01,211.19397751695126,688.4,899.5939775169512
1980-09-01,212.30813744012767,690.6,902.9081374401277
1980-10-01,213.89664267713167,695.7,909.5966426771317
1980-11-01,456.72283385456126,709.1,1165.8228338545614
1980-12-01,440.50132725029505,728.5,1169.0013272502952
1981-01-01,421.86396893141864,748.7,1170.5639689314187
1981-02-01,411.9358112001438,758.0,1169.9358112001437
1981-03-01,410.1211645925942,765.6,1175.7211645925943
1981-04-01,413.86628631455835,767.5,1181.3662863145582
1981-05-01,407.49571843699033,775.5,1182.9957184369903
1981-06-01,400.9872594798213,784.3,1185.2872594798214
1981-07-01,402.3110138439913,786.1,1188.4110138439914
1981-08-01,391.16941461222734,796.3,1187.4694146122274
1981-09-01,382.9235280520852,804.3,1187.2235280520852
1981-10-01,379.47625106205925,815.8,1195.2762510620591
1981-11-01,375.460862824077,820.6,1196.060862824077
1981-12-01,376.08413050387367,823.1,1199.1841305038738
1982-01-01,381.2136786650323,824.7,1205.9136786650324
1982-02-01,379.0901560391763,833.1,1212.1901560391764
1982-03-01,379.3659381983784,844.0,1223.3659381983784
1982-04-01,382.8407934043246,853.2,1236.0407934043246
1982-05-01,381.10888144453554,860.5,1241.6088814445357
1982-06-01,381.8755558471173,865.4,1247.2755558471172
1982-07-01,382.12375979039916,873.9,1256.0237597903993
1982-08-01,379.3438756256422,876.3,1255.643875625642
1982-09-01,380.33117575558566,877.6,1257.9311757555856
1982-10-01,389.92839489581803,870.3,1260.228394895818
1982-11-01,396.2217437688094,866.8,1263.0217437688093
1982-12-01,428.5930536159493,850.9,1279.4930536159493
1983-01-01,566.2800544191787,794.8,1361.0800544191786
1983-02-01,662.2081206760295,755.0,1417.2081206760295
1983-03-01,706.1953750687609,736.6,1442.795375068761
1983-04-01,729.692015032778,731.9,1461.592015032778
1983-05-01,747.3917140103673,726.6,1473.9917140103673
1983-06-01,761.3518069091765,726.0,1487.3518069091765
1983-07-01,764.1096285011973,733.6,1497.7096285011974
1983-08-01,757.9376237782549,742.0,1499.9376237782549
1983-09-01,754.0711579062418,750.3,1504.3711579062417
1983-10-01,754.8929887406638,763.2,1518.0929887406637
1983-11-01,752.7198253261515,776.0,1528.7198253261515
1983-12-01,752.52677781471,784.1,1536.62677781471
1984-01-01,756.6579945595571,793.3,1549.957994559557
1984-02-01,761.3793851250969,802.2,1563.579385125097
1984-03-01,770.3423052991643,807.6,1577.9423052991642
1984-04-01,777.4409380770257,813.8,1591.2409380770257
1984-05-01,774.7823980623177,822.0,1596.7823980623177
1984-06-01,773.9274733687913,832.1,1606.0274733687913
1984-07-01,768.5938464098232,843.2,1611.7938464098233
1984-08-01,756.635931986821,857.6,1614.235931986821
1984-09-01,752.8301381898324,868.8,1621.6301381898325
1984-10-01,754.5620501496214,878.1,1632.6620501496213
1984-11-01,762.6479830574264,884.4,1647.0479830574263
1984-12-01,773.7344258573498,888.8,1662.5344258573498
1985-01-01,794.9696521159099,888.0,1682.9696521159099
1985-02-01,809.8067322809817,884.7,1694.5067322809819
1985-03-01,822.6306026838784,883.9,1706.5306026838784
1985-04-01,828.1186676519997,886.1,1714.2186676519996
1985-05-01,832.3381346877914,890.0,1722.3381346877914
1985-06-01,847.6992009553472,891.7,1739.3992009553472
1985-07-01,862.0509045202233,888.8,1750.8509045202231
1985-08-01,871.6095141581674,884.0,1755.6095141581673
1985-09-01,877.0313914080801,882.3,1759.33139140808
1985-10-01,887.1636279371645,881.8,1768.9636279371643
1985-11-01,893.8927126216953,881.9,1775.7927126216953
1985-12-01,896.4464554159065,885.7,1782.1464554159065
1986-01-01,903.0762585231244,889.7,1792.7762585231244
1986-02-01,902.4143813410394,891.7,1794.1143813410395
1986-03-01,910.9636282763038,895.0,1805.9636282763038
1986-04-01,923.318669008557,895.6,1818.9186690085571
1986-05-01,934.1844860811188,891.7,1825.884486081119
1986-06-01,953.059017056909,887.0,1840.059017056909
1986-07-01,968.8227252768997,884.8,1853.6227252768997
1986-08-01,979.4403384061798,881.2,1860.6403384061798
1986-09-01,992.3965842454935,877.6,1869.9965842454935
1986-10-01,1012.0377896238655,869.9,1881.9377896238655
1986-11-01,1024.3100957083577,861.8,1886.1100957083577
1986-12-01,1034.3595975896817,858.4,1892.7595975896816
1987-01-01,1050.4266661847946,855.9,1906.3266661847947
1987-02-01,1053.79120852706,852.2,1905.99120852706
1987-03-01,1064.5853222382293,850.1,1914.6853222382292
1987-04-01,1073.2062725348862,847.9,1921.106272534886
1987-05-01,1069.2901658742169,847.4,1916.6901658742167
1987-06-01,1071.7556583774833,853.9,1925.6556583774832
1987-07-01,1070.6139202383868,862.2,1932.8139202383868
1987-08-01,1063.4160058832126,870.0,1933.4160058832126
1987-09-01,1058.0658319946922,877.8,1935.8658319946921
1987-10-01,1052.6880798902516,889.7,1942.3880798902517
1987-11-01,1039.4781144644721,908.1,1947.578114464472
1987-12-01,1032.831764427702,921.0,1953.831764427702
1988-01-01,1033.1627030187447,933.0,1966.1627030187447
1988-02-01,1030.719273088214,949.5,1980.219273088214
1988-03-01,1039.5608491122327,960.9,2000.4608491122326
1988-04-01,1045.7935259101996,968.5,2014.2935259101996
1988-05-01,1042.390374065646,974.7,2017.090374065646
1988-06-01,1051.6401076852837,979.4,2031.0401076852836
1988-07-01,1054.066990686262,985.4,2039.4669906862619
1988-08-01,1046.3175120126837,993.5,2039.8175120126837
1988-09-01,1035.589586019723,1006.0,2041.589586019723
1988-10-01,1029.8808953242399,1019.1,2048.98089532424
1988-11-01,1030.046364619761,1028.2,2058.246364619761
1988-12-01,1022.1865730825019,1037.1,2059.286573082502
1989-01-01,1010.7526447619837,1050.0,2060.752644761984
1989-02-01,994.2498403553313,1061.7,2055.9498403553316
1989-03-01,988.6514625235292,1073.6,2062.251462523529
1989-04-01,979.3300255424989,1091.1,2070.4300255424987
1989-05-01,952.2206392929347,1110.3,2062.520639292935
1989-06-01,950.9520413606051,1124.2,2075.152041360605
1989-07-01,954.0959579755088,1133.1,2087.1959579755085
1989-08-01,958.6187853864229,1140.1,2098.718785386423
1989-09-01,962.1763752401296,1142.7,2104.8763752401296
1989-10-01,968.7675688450594,1145.7,2114.4675688450593
1989-11-01,980.7640927703499,1147.6,2128.36409277035
1989-12-01,985.4799676927054,1151.3,2136.779967692705
1990-01-01,989.3298866351662,1150.6,2139.929886635166
1990-02-01,993.1191335026028,1151.6,2144.7191335026027
1990-03-01,1002.9921348020373,1154.5,2157.492134802037
1990-04-01,1008.9655763703543,1157.1,2166.0655763703544
1990-05-01,1004.5916713254093,1158.5,2163.091671325409
1990-06-01,1011.5138035213815,1161.5,2173.0138035213813
1990-07-01,1013.8855300905193,1164.7,2178.5855300905196
1990-08-01,1017.0294467054231,1166.0,2183.029446705423
1990-09-01,1017.4982763760665,1166.8,2184.2982763760665
1990-10-01,1016.224162800553,1168.9,2185.124162800553
1990-11-01,1019.6769554337629,1170.5,2190.176955433763
1990-12-01,1017.0846031372635,1173.3,2190.384603137263
1991-01-01,1018.491092149194,1174.3,2192.791092149194
1991-02-01,1024.8892382426823,1174.0,2198.889238242682
1991-03-01,1042.6220310793758,1169.0,2211.622031079376
1991-04-01,1058.3857392993666,1161.2,2219.5857392993667
1991-05-01,1069.0143837150147,1150.8,2219.8143837150146
1991-06-01,1085.9749865059425,1139.4,2225.3749865059426
1991-07-01,1096.2009889691556,1128.6,2224.8009889691557
1991-08-01,1104.1214525814391,1119.7,2223.821452581439
1991-09-01,1108.8869682924512,1109.6,2218.486968292451
1991-10-01,1123.0125304867815,1095.9,2218.9125304867816
1991-11-01,1138.318440322497,1081.2,2219.518440322497
1991-12-01,1149.3938518360524,1065.3,2214.693851836052
1992-01-01,1167.523770981997,1043.3,2210.823770981997
1992-02-01,1189.7242347977642,1020.1,2209.8242347977643
1992-03-01,1215.316819171717,1000.9,2216.216819171717
1992-04-01,1235.090399986506,982.4,2217.490399986506
1992-05-01,1239.999322420303,963.9,2203.899322420303
1992-06-01,1251.0581870043063,950.4,2201.458187004306
1992-07-01,1261.6758001335863,936.9,2198.575800133586
1992-08-01,1270.782127030439,922.4,2193.182127030439
1992-09-01,1283.0489174717472,909.5,2192.5489174717472
1992-10-01,1294.3835642149527,894.4,2188.7835642149525
1992-11-01,1306.082243408305,879.5,2185.5822434083047
1992-12-01,1308.1450939591364,867.7,2175.8450939591366
1993-01-01,1305.552741662637,857.1,2162.652741662637
1993-02-01,1303.1258586616589,850.2,2153.325858661659
1993-03-01,1309.435754464202,842.6,2152.035754464202
1993-04-01,1317.3010616446456,835.1,2152.401061644646
1993-05-01,1322.0996712147617,827.6,2149.6996712147616
1993-06-01,1333.9307258445306,819.1,2153.0307258445305
1993-07-01,1334.5650248106956,810.7,2145.2650248106956
1993-08-01,1335.425465147406,803.3,2138.725465147406
1993-09-01,1336.8264385161524,797.4,2134.2264385161525
1993-10-01,1337.1022206753546,791.7,2128.802220675355
1993-11-01,1343.0811778868556,786.4,2129.4811778868557
1993-12-01,1344.3828696782896,781.4,2125.7828696782894
1994-01-01,1342.5737387139238,775.2,2117.773738713924
1994-02-01,1345.4032636673371,769.8,2115.203263667337
1994-03-01,1353.8697759548409,765.8,2119.6697759548406
1994-04-01,1357.2618965130266,763.7,2120.9618965130267
1994-05-01,1345.8169369061404,764.8,2110.6169369061404
1994-06-01,1342.176612404673,767.9,2110.076612404673
1994-07-01,1337.5986285619183,773.3,2110.8986285619185
1994-08-01,1326.644561198412,779.6,2106.244561198412
1994-09-01,1315.9221508486353,786.2,2102.122150848635
1994-10-01,1300.3900996423743,796.2,2096.5900996423743
1994-11-01,1289.7228457244378,807.2,2096.922845724438
1994-12-01,1271.2730192738186,817.5,2088.7730192738186
1995-01-01,1248.7416168670088,833.4,2082.141616867009
1995-02-01,1228.1131113586935,853.5,2081.6131113586935
1995-03-01,1216.7233081836475,876.2,2092.9233081836474
1995-04-01,1209.222033453351,893.1,2102.322033453351
1995-05-01,1199.652392529039,906.9,2106.552392529039
1995-06-01,1215.6477577627595,913.6,2129.2477577627596
1995-07-01,1214.2798782531172,919.1,2133.379878253117
1995-08-01,1221.9355909925669,922.7,2144.635590992567
1995-09-01,1226.7893569945234,925.3,2152.0893569945233
1995-10-01,1233.8273176973605,927.1,2160.9273176973606
1995-11-01,1242.2331579098397,930.6,2172.83315790984
1995-12-01,1250.8375612769448,932.3,2183.137561276945
1996-01-01,1263.082289145517,933.2,2196.282289145517
1996-02-01,1275.2442823663287,934.4,2209.6442823663288
1996-03-01,1297.4171679661756,933.1,2230.5171679661757
1996-04-01,1313.3628924112397,932.8,2246.1628924112397
1996-05-01,1317.4113745083264,932.2,2249.6113745083267
1996-06-01,1332.910331855483,931.4,2264.310331855483
1996-07-01,1340.3012937220988,933.4,2273.701293722099
1996-08-01,1354.917748159809,937.6,2292.517748159809
1996-09-01,1359.9369834572867,940.9,2300.836983457287
1996-10-01,1378.5798574193473,944.0,2322.5798574193473
1996-11-01,1391.2106803108024,946.5,2337.7106803108027
1996-12-01,1401.0174938920281,947.9,2348.9174938920282
1997-01-01,1412.7216887285645,949.0,2361.7216887285645
1997-02-01,1413.4387223424899,950.8,2364.23872234249
1997-03-01,1439.8255593349445,952.0,2391.8255593349445
1997-04-01,1466.3888969092889,954.1,2420.488896909289
1997-05-01,1457.0950381441787,958.5,2415.595038144179
1997-06-01,1466.697772927595,962.0,2428.697772927595
1997-07-01,1478.3026861868184,965.0,2443.3026861868184
1997-08-01,1487.403497440487,966.3,2453.703497440487
1997-09-01,1497.7839379128534,966.8,2464.5839379128533
1997-10-01,1517.4361745775934,967.5,2484.936174577593
1997-11-01,1526.7851897745438,967.1,2493.885189774544
1997-12-01,1540.0999524208203,967.5,2507.59995242082
1998-01-01,1557.0384926390118,968.9,2525.9384926390117
1998-02-01,1564.7328148807499,969.2,2533.93281488075
1998-03-01,1596.3374503253078,968.8,2565.137450325308
1998-04-01,1634.8642179658384,967.6,2602.4642179658385
1998-05-01,1623.3365237111914,965.7,2589.0365237111914
1998-06-01,1641.5436618617125,965.5,2607.0436618617123
1998-07-01,1667.4065127516835,963.6,2631.0065127516837
1998-08-01,1677.1085291124127,960.6,2637.7085291124126
1998-09-01,1700.4727936400125,958.9,2659.3727936400123
1998-10-01,1715.3374520210045,957.8,2673.1374520210047
1998-11-01,1735.839097736087,954.9,2690.739097736087
1998-12-01,1769.5562245201331,951.2,2720.7562245201334
1999-01-01,1786.0479976404174,946.1,2732.1479976404175
1999-02-01,1792.3082526543044,941.7,2734.0082526543047
1999-03-01,1818.5737454967104,939.0,2757.57374549671
1999-04-01,1861.253792454824,936.4,2797.653792454824
1999-05-01,1848.2699683995902,933.1,2781.36996839959
1999-06-01,1881.551359372097,929.7,2811.251359372097
1999-07-01,1899.7529818794342,930.8,2830.552981879434
1999-08-01,1903.1175242216996,932.2,2835.3175242216994
1999-09-01,1920.9606299220738,936.6,2857.560629922074
1999-10-01,1918.0373390345317,941.5,2859.5373390345317
1999-11-01,1917.0610701909566,948.8,2865.8610701909565
1999-12-01,1924.8491583668233,955.0,2879.8491583668233
2000-01-01,1909.471545169715,963.2,2872.671545169715
2000-02-01,1923.4150911389722,971.9,2895.315091138972
2000-03-01,1951.2966674343024,980.1,2931.3966674343023
2000-04-01,1984.6387304818336,988.9,2973.5387304818337
2000-05-01,1952.714187732601,993.5,2946.214187732601
2000-06-01,1974.1590084321547,1004.1,2978.2590084321546
2000-07-01,1978.1743966701372,1014.2,2992.3743966701372
2000-08-01,2002.2336322389262,1023.2,3025.4336322389263
2000-09-01,2026.6955097601503,1029.3,3055.9955097601505
2000-10-01,2019.4093451140318,1034.8,3054.2093451140317
2000-11-01,2047.9307360187104,1040.1,3088.0307360187103
2000-12-01,2073.330272881222,1046.0,3119.330272881222
2001-01-01,2082.9054294487178,1051.8,3134.705429448718
2001-02-01,2113.649624556566,1052.2,3165.8496245565657
2001-03-01,2174.845685683507,1048.8,3223.6456856835066
2001-04-01,2224.8780850059475,1044.1,3268.9780850059474
2001-05-01,2232.8978301955444,1039.3,3272.197830195544
2001-06-01,2278.8431379186104,1031.1,3309.9431379186103
2001-07-01,2293.6471242245784,1022.9,3316.5471242245785
2001-08-01,2345.2239036385504,1016.1,3361.3239036385503
2001-09-01,2402.090184866019,1010.0,3412.090184866019
2001-10-01,2418.521285911279,1001.0,3419.521285911279
2001-11-01,2495.525180403683,988.2,3483.725180403683
2001-12-01,2544.5868265257327,974.5,3519.0868265257327
2002-01-01,2583.416954541385,960.8,3544.2169545413853
2002-02-01,2622.4677082843996,949.8,3572.2677082843993
2002-03-01,2680.161335989474,940.5,3620.661335989474
2002-04-01,2721.79341074262,932.6,3654.39341074262
2002-05-01,2741.550444627857,927.8,3669.3504446278566
2002-06-01,2777.6227510514886,924.2,3701.822751051489
2002-07-01,2800.093481383274,920.6,3720.693481383274
2002-08-01,2881.2341082637095,915.7,3796.9341082637093
2002-09-01,2915.921988248146,908.1,3824.021988248146
2002-10-01,2971.442452538709,902.8,3874.2424525387087
2002-11-01,3035.28602239399,899.4,3934.6860223939902
2002-12-01,3053.349753821726,894.8,3948.1497538217263
2003-01-01,3093.3933233378675,888.5,3981.8933233378675
2003-02-01,3110.4918172083962,882.2,3992.691817208396
2003-03-01,3166.0895005035354,877.4,4043.4895005035355
2003-04-01,3244.6874158761275,872.3,4116.987415876128
2003-05-01,3261.841066178497,865.4,4127.241066178497
2003-06-01,3301.0462579306645,858.3,4159.346257930664
2003-07-01,3381.1168500333956,847.4,4228.516850033396
2003-08-01,3442.092285432975,836.7,4278.792285432975
2003-09-01,3431.7449388197133,829.6,4261.344938819713
2003-10-01,3457.701555643813,824.3,4282.001555643813
2003-11-01,3483.7905479043293,820.4,4304.190547904329
2003-12-01,3485.51142857775,818.4,4303.91142857775
2004-01-01,3501.4681843091826,815.7,4317.168184309183
2004-02-01,3517.932379213547,813.5,4331.432379213547
2004-03-01,3586.05057253646,811.4,4397.45057253646
2004-04-01,3688.586379327792,808.6,4497.186379327793
2004-05-01,3704.8354641479796,805.5,4510.33546414798
2004-06-01,3741.4262410309107,804.9,4546.326241030911
2004-07-01,3766.136322495417,805.7,4571.836322495417
2004-08-01,3757.2120118236376,807.9,4565.112011823638
2004-09-01,3821.927053301997,810.5,4632.427053301997
2004-10-01,3835.467957318819,815.2,4650.667957318819
2004-11-01,3852.7870769167093,820.9,4673.687076916709
2004-12-01,3883.784991611023,828.7,4712.484991611023
2005-01-01,3843.079544912797,840.4,4683.479544912797
2005-02-01,3849.4776910062847,853.5,4702.977691006285
2005-03-01,3880.4480274846783,868.1,4748.548027484679
2005-04-01,3929.013265720164,884.5,4813.513265720164
2005-05-01,3844.998988740843,902.9,4747.8989887408425
2005-06-01,3890.8450148865963,919.2,4810.045014886597
2005-07-01,3906.2060811541523,933.8,4840.0060811541525
2005-08-01,3895.014841133732,948.5,4843.514841133732
2005-09-01,3939.189627394721,959.9,4899.089627394721
2005-10-01,3929.586892611304,968.4,4897.986892611304
2005-11-01,3966.2438572124443,980.4,4946.643857212444
2005-12-01,3981.6876581277606,993.7,4975.387658127761
2006-01-01,3962.6807517155535,1007.4,4970.080751715554
2006-02-01,3980.3914819795114,1025.0,5005.391481979512
2006-03-01,4011.554865969346,1043.7,5055.254865969346
2006-04-01,4056.8107182944073,1063.3,5120.110718294407
2006-05-01,3964.5560703981273,1084.3,5048.8560703981275
2006-06-01,4012.327056015112,1104.6,5116.927056015112
2006-07-01,3990.192779917553,1128.9,5119.092779917553
2006-08-01,3989.023463562536,1152.3,5141.323463562536
2006-09-01,4004.274216966411,1170.1,5174.374216966411
2006-10-01,3990.457530790387,1186.2,5176.657530790387
2006-11-01,4046.3034180288078,1196.7,5243.003418028808
2006-12-01,4074.2677289718986,1205.8,5280.067728971899
2007-01-01,4065.6026535297688,1213.2,5278.802653529769
2007-02-01,4081.327752247472,1223.1,5304.427752247471
2007-03-01,4134.939803996355,1232.3,5367.2398039963555
2007-04-01,4192.021195308002,1242.6,5434.621195308002
2007-05-01,4164.6139643265,1247.8,5412.4139643265
2007-06-01,4209.318252333156,1248.7,5458.018252333156
2007-07-01,4186.880615860475,1251.3,5438.180615860475
2007-08-01,4233.614660558859,1256.1,5489.714660558859
2007-09-01,4237.034359332965,1265.9,5502.934359332965
2007-10-01,4212.848263970943,1270.8,5483.648263970943
2007-11-01,4259.372714228333,1272.7,5532.072714228333
2007-12-01,4259.7753561807685,1275.7,5535.475356180768
2008-01-01,4258.048959864163,1282.7,5540.748959864163
2008-02-01,4292.356260468901,1286.6,5578.956260468902
2008-03-01,4387.826528341477,1279.5,5667.326528341477
2008-04-01,4454.571326511564,1278.5,5733.071326511564
2008-05-01,4422.3323921008405,1277.4,5699.732392100841
2008-06-01,4442.563771299906,1274.3,5716.863771299906
2008-07-01,4453.826714681718,1285.3,5739.126714681718
2008-08-01,4431.047108331627,1313.1,5744.147108331626
2008-09-01,4424.538649374457,1337.8,5762.338649374457
2008-10-01,4453.633667170277,1399.3,5852.933667170277
2008-11-01,4425.448730499825,1433.9,5859.348730499825
2008-12-01,4496.815637658137,1457.4,5954.215637658137
2009-01-01,4615.821154997019,1448.8,6064.621154997019
2009-02-01,4690.089290470139,1436.3,6126.389290470139
2009-03-01,4814.979999086391,1423.8,6238.779999086391
2009-04-01,4863.969941847048,1403.4,6267.369941847048
2009-05-01,4906.467972580089,1386.7,6293.167972580089
2009-06-01,4927.388807177158,1363.1,6290.488807177158
2009-07-01,4971.607718583619,1335.3,6306.9077185836195
2009-08-01,4989.141948265687,1306.8,6295.941948265687
2009-09-01,5085.312702822636,1274.4,6359.712702822637
2009-10-01,5163.055693501702,1240.3,6403.355693501702
2009-11-01,5245.178104868896,1215.1,6460.278104868896
2009-12-01,5330.3727294896025,1188.6,6518.972729489602
2010-01-01,5329.021396909512,1159.6,6488.6213969095115
2010-02-01,5374.966704632579,1138.7,6513.666704632579
2010-03-01,5453.316416061889,1117.9,6571.216416061889
2010-04-01,5570.082582268049,1098.1,6668.182582268049
2010-05-01,5568.306545162787,1078.1,6646.406545162787
2010-06-01,5611.753266523483,1059.9,6671.653266523483
2010-07-01,5615.200543513509,1042.9,6658.1005435135085
2010-08-01,5632.596882115976,1026.3,6658.896882115976
2010-09-01,5729.815608877892,1004.2,6734.015608877892
2010-10-01,5793.410974789892,980.2,6773.610974789892
2010-11-01,5814.855795489445,956.5,6771.355795489445
2010-12-01,5912.466132917429,934.2,6846.6661329174285
2011-01-01,5906.305159480855,916.1,6822.405159480855
2011-02-01,5980.887686615464,901.3,6882.187686615464
2011-03-01,6077.35628590435,885.8,6963.156285904351
2011-04-01,6153.223957900843,871.9,7025.1239579008425
2011-05-01,6105.000689542768,858.8,6963.800689542768
2011-06-01,6212.6550132088905,846.7,7059.35501320889
2011-07-01,6338.963242123442,833.0,7171.963242123442
2011-08-01,6427.224564354475,819.6,7246.824564354475
2011-09-01,6518.5250059799155,806.8,7325.325005979916
2011-10-01,6525.579513612303,795.3,7320.8795136123035
2011-11-01,6623.791056147348,786.2,7409.991056147348
2011-12-01,6682.091404602667,778.7,7460.791404602667
2012-01-01,6700.447465119158,767.5,7467.947465119158
2012-02-01,6784.516898530319,754.9,7539.416898530319
2012-03-01,6884.763713400274,738.7,7623.463713400274
2012-04-01,6905.144014965309,726.4,7631.544014965309
2012-05-01,6915.651315230907,715.6,7631.2513152309075
2012-06-01,6977.205893164812,709.1,7686.305893164812
2012-07-01,6979.009508485992,698.2,7677.209508485992
2012-08-01,7065.483762325396,691.0,7756.483762325396
2012-09-01,7134.318989262235,682.2,7816.518989262235
2012-10-01,7167.026753343602,670.2,7837.226753343602
2012-11-01,7303.676813228231,658.5,7962.176813228231
2012-12-01,7372.583743526461,647.7,8020.283743526461
2013-01-01,7409.301380202627,635.4,8044.701380202627
2013-02-01,7397.856420595741,626.9,8024.756420595741
2013-03-01,7535.306248742057,623.4,8158.706248742056
2013-04-01,7516.652343493627,616.9,8133.552343493627
2013-05-01,7512.526642391966,607.1,8119.626642391966
2013-06-01,7563.105090389625,595.2,8158.305090389625
2013-07-01,7573.000154261796,582.8,8155.800154261796
2013-08-01,7672.149356138127,580.7,8252.849356138127
2013-09-01,7695.866621829506,577.6,8273.466621829506
2013-10-01,7815.611235355048,573.3,8388.911235355048
2013-11-01,7873.056659116841,569.4,8442.45665911684
2013-12-01,7871.3082002275,571.5,8442.8082002275
2014-01-01,7929.3437978099855,563.7,8493.043797809985
2014-02-01,7937.065698267644,558.5,8495.565698267645
2014-03-01,8013.589731803036,555.3,8568.889731803036
2014-04-01,8082.044379360176,550.6,8632.644379360176
2014-05-01,8047.130358005193,546.8,8593.930358005193
2014-06-01,8051.537356909242,542.2,8593.737356909241
2014-07-01,8141.3651218045425,539.2,8680.565121804542
2014-08-01,8211.082851650828,536.7,8747.782851650829
2014-09-01,8199.135968514194,532.6,8731.735968514195
2014-10-01,8288.081230500049,531.4,8819.481230500049
2014-11-01,8344.754464216076,527.5,8872.254464216076
2014-12-01,8373.540605993587,525.2,8898.740605993587
2015-01-01,8446.986910632286,523.1,8970.086910632286
2015-02-01,8467.532681492841,517.6,8985.132681492842
2015-03-01,8565.661489380123,507.6,9073.261489380124
2015-04-01,8673.707423712314,496.1,9169.807423712315
2015-05-01,8625.58343693155,484.2,9109.783436931551
2015-06-01,8626.642440422887,472.6,9099.242440422888
2015-07-01,8715.212638672227,461.1,9176.312638672227
2015-08-01,8745.670020334504,451.0,9196.670020334504
2015-09-01,8881.233498511878,436.8,9318.033498511877
2015-10-01,8925.000127177247,433.3,9358.300127177246
2015-11-01,8974.21621130845,430.2,9404.416211308451
2015-12-01,9064.463165085737,427.5,9491.963165085737
2016-01-01,9057.072203219122,425.4,9482.472203219122
2016-02-01,9054.08272461337,420.3,9474.38272461337
2016-03-01,9224.306504559263,414.3,9638.606504559262
2016-04-01,9291.45946032497,405.5,9696.95946032497
2016-05-01,9182.354522501442,399.7,9582.054522501443
2016-06-01,9322.42979680336,393.4,9715.82979680336
2016-07-01,9381.86085211141,389.8,9771.660852111409
2016-08-01,9411.893529248517,384.2,9796.093529248517
2016-09-01,9573.557030972774,378.5,9952.057030972774
2016-10-01,9569.420298584742,375.8,9945.220298584742
2016-11-01,9718.480555633465,373.2,10091.680555633466
2016-12-01,9774.436755735567,369.8,10144.236755735566
2017-01-01,9717.349848780737,368.4,10085.749848780737
2017-02-01,9788.308598343432,369.8,10158.108598343431
2017-03-01,9890.706514055162,372.1,10262.806514055163
2017-04-01,9940.540350222978,373.9,10314.440350222978
2017-05-01,9785.677636544644,377.7,10163.377636544645
2017-06-01,9858.32968856484,382.7,10241.02968856484
2017-07-01,9839.929502902878,390.0,10229.929502902878
2017-08-01,9913.293072893814,399.2,10312.493072893814
2017-09-01,9982.017986966972,409.9,10391.917986966972
2017-10-01,9934.975066250281,419.2,10354.175066250282
2017-11-01,10041.724824434223,426.8,10468.524824434222
2017-12-01,10099.004778900493,434.0,10533.004778900493
2018-01-01,9984.571729761183,440.1,10424.671729761183
2018-02-01,10037.836295989471,446.0,10483.836295989471
2018-03-01,10110.256690995939,456.8,10567.056690995938
2018-04-01,10100.66498749889,464.3,10564.96498749889
2018-05-01,10076.390641845923,474.3,10550.690641845922
2018-06-01,10142.826563997703,484.6,10627.426563997704
2018-07-01,10107.10725873785,495.6,10602.70725873785
2018-08-01,10187.42053914068,507.7,10695.12053914068
2018-09-01,10190.3162518123,519.4,10709.7162518123
2018-10-01,10118.712171997073,528.3,10647.012171997072
2018-11-01,10211.772103798221,542.3,10754.07210379822
2018-12-01,10219.207190810312,555.3,10774.507190810311
2019-01-01,10235.544525921441,575.4,10810.94452592144
2019-02-01,10179.119496148696,598.6,10777.719496148697
2019-03-01,10303.938501403556,620.6,10924.538501403556
2019-04-01,10242.858268783482,625.5,10868.358268783482
2019-05-01,10259.785777715304,623.6,10883.385777715304
2019-06-01,10344.809417397306,627.6,10972.409417397306
2019-07-01,10361.907911267836,627.0,10988.907911267836
2019-08-01,10487.6921540799,628.9,11116.592154079899
2019-09-01,10495.187913167014,623.7,11118.887913167015
2019-10-01,10624.866200067016,617.8,11242.666200067015
2019-11-01,10742.763073125905,612.5,11355.263073125905
2019-12-01,10773.926457115738,604.9,11378.826457115738
2020-01-01,10890.637466890057,586.3,11476.937466890056
2020-02-01,10889.61707290101,555.8,11445.41707290101
2020-03-01,11212.111214228737,524.3,11736.411214228736
2020-04-01,11754.773284533849,498.8,12253.573284533848
2020-05-01,12323.7,476.9,12800.6
2020-06-01,12500.6,444.2,12944.800000000001
2020-07-01,12636.4,411.2,13047.6
2020-08-01,12710.6,378.1,13088.7
2020-09-01,12804.3,347.8,13152.099999999999
2020-10-01,12968.9,314.4,13283.3
2020-11-01,12875.1,278.3,13153.4
2020-12-01,12521.2,251.0,12772.2
2021-01-01,12681.4,232.2,12913.6
2021-02-01,12733.1,213.0,12946.1
2021-03-01,12820.8,195.4,13016.199999999999
2021-04-01,13091.1,178.8,13269.9
2021-05-01,13172.5,165.5,13338.0
2021-06-01,12976.5,155.7,13132.2
2021-07-01,12984.8,145.9,13130.699999999999
2021-08-01,13119.0,133.4,13252.4
2021-09-01,13245.9,121.5,13367.4
2021-10-01,13337.3,111.7,13449.0
2021-11-01,13444.6,101.3,13545.9
2021-12-01,13555.3,90.6,13645.9
2022-01-01,13581.4,79.6,13661.0
2022-02-01,13679.9,61.6,13741.5
2022-03-01,13687.7,48.6,13736.300000000001
2022-04-01,13652.3,38.5,13690.8
2022-05-01,13516.9,38.2,13555.1
2022-06-01,13418.1,49.4,13467.5
2022-07-01,13347.0,76.2,13423.2
2022-08-01,13033.5,123.6,13157.1
2022-09-01,12915.9,165.9,13081.8
2022-10-01,12777.7,226.7,13004.400000000001
2022-11-01,12604.1,298.4,12902.5
2022-12-01,12426.8,381.7,12808.5
2023-01-01,12263.3,457.4,12720.699999999999
2023-02-01,12049.0,537.3,12586.3
2023-03-01,11649.5,627.5,12277.0
2023-04-01,11417.8,729.7,12147.5
2023-05-01,11337.3,804.9,12142.199999999999
2023-06-01,11237.7,862.5,12100.2
2023-07-01,11139.9,910.1,12050.0
2023-08-01,11072.5,958.9,12031.4
2023-09-01,10961.3,999.4,11960.699999999999
2023-10-01,10845.9,1038.6,11884.5
2023-11-01,10779.6,1080.2,11859.800000000001
2023-12-01,10731.5,1112.5,11844.0
2024-01-01,10726.8,1137.6,11864.4
2024-02-01,10728.0,1158.1,11886.1
2024-03-01,10705.0,1167.2,11872.2
2024-04-01,10543.1,1168.1,11711.2
2024-05-01,10586.9,1167.8,11754.699999999999
2024-06-01,10584.4,1176.1,11760.5
2024-07-01,10544.3,1183.2,11727.5
2024-08-01,10560.9,1188.3,11749.199999999999
2024-09-01,10575.4,1181.7,11757.1
2024-10-01,10603.7,1155.6,11759.300000000001
2024-11-01,10662.6,1122.1,11784.7
2024-12-01,10677.3,1098.0,11775.3
2025-01-01,10681.0,1087.6,11768.6
2025-02-01,10705.8,1079.5,11785.3
2025-03-01,10728.8,1074.9,11803.699999999999
2025-04-01,10787.9,1071.1,11859.0
2025-05-01,10809.9,1066.3,11876.199999999999
2025-06-01,10825.7,1061.8,11887.5
2025-07-01,10878.9,1062.3,11941.199999999999
2025-08-01,10874.1,1066.4,11940.5
2025-09-01,10883.1,1067.0,11950.1
2025-10-01,10945.3,1053.0,11998.3
2025-11-01,10441.6,1037.8,11479.4
2025-12-01,10122.8,1023.6,11146.4
2026-01-01,10163.8,1017.0,11180.8
2026-02-01,10232.2,1016.3,11248.5
2026-03-01,10258.2,1014.3,11272.5
2026-04-01,10311.0,1021.3,11332.3
2026-05-01,10406.8,1026.1,11432.9
